Time,Var,Value,EPU,Units,hline
1980,Calves,6,All,n,14.021739130434783
1981,Calves,8,All,n,14.021739130434783
1982,Calves,11,All,n,14.021739130434783
1983,Calves,9,All,n,14.021739130434783
1984,Calves,12,All,n,14.021739130434783
1985,Calves,11,All,n,14.021739130434783
1986,Calves,13,All,n,14.021739130434783
1987,Calves,11,All,n,14.021739130434783
1988,Calves,7,All,n,14.021739130434783
1989,Calves,16,All,n,14.021739130434783
1990,Calves,12,All,n,14.021739130434783
1991,Calves,17,All,n,14.021739130434783
1992,Calves,12,All,n,14.021739130434783
1993,Calves,6,All,n,14.021739130434783
1994,Calves,9,All,n,14.021739130434783
1995,Calves,7,All,n,14.021739130434783
1996,Calves,21,All,n,14.021739130434783
1997,Calves,19,All,n,14.021739130434783
1998,Calves,5,All,n,14.021739130434783
1999,Calves,4,All,n,14.021739130434783
2000,Calves,1,All,n,14.021739130434783
2001,Calves,31,All,n,14.021739130434783
2002,Calves,21,All,n,14.021739130434783
2003,Calves,19,All,n,14.021739130434783
2004,Calves,16,All,n,14.021739130434783
2005,Calves,28,All,n,14.021739130434783
2006,Calves,19,All,n,14.021739130434783
2007,Calves,23,All,n,14.021739130434783
2008,Calves,23,All,n,14.021739130434783
2009,Calves,39,All,n,14.021739130434783
2010,Calves,19,All,n,14.021739130434783
2011,Calves,22,All,n,14.021739130434783
2012,Calves,7,All,n,14.021739130434783
2013,Calves,20,All,n,14.021739130434783
2014,Calves,11,All,n,14.021739130434783
2015,Calves,17,All,n,14.021739130434783
2016,Calves,14,All,n,14.021739130434783
2017,Calves,5,All,n,14.021739130434783
2018,Calves,0,All,n,14.021739130434783
2019,Calves,7,All,n,14.021739130434783
2020,Calves,10,All,n,14.021739130434783
2021,Calves,20,All,n,14.021739130434783
2022,Calves,15,All,n,14.021739130434783
2023,Calves,12,All,n,14.021739130434783
2024,Calves,19,All,n,14.021739130434783
2025,Calves,11,All,n,14.021739130434783
