Time,Var,Value,EPU,Units
1980,Calves,6,All,n
1980,Known.Losses,0,All,n
1981,Calves,8,All,n
1981,Known.Losses,0,All,n
1982,Calves,11,All,n
1982,Known.Losses,0,All,n
1983,Calves,9,All,n
1983,Known.Losses,0,All,n
1984,Calves,12,All,n
1984,Known.Losses,0,All,n
1985,Calves,11,All,n
1985,Known.Losses,0,All,n
1986,Calves,13,All,n
1986,Known.Losses,0,All,n
1987,Calves,11,All,n
1987,Known.Losses,0,All,n
1988,Calves,7,All,n
1988,Known.Losses,0,All,n
1989,Calves,16,All,n
1989,Known.Losses,0,All,n
1990,Calves,12,All,n
1990,Known.Losses,0,All,n
1990,Lower95,283,All,n
1990,Mean,288.88,All,n
1990,Median,289,All,n
1990,SD,3.171,All,n
1990,Upper95,295,All,n
1991,Calves,17,All,n
1991,Known.Losses,0,All,n
1991,Lower95,291,All,n
1991,Mean,297.672,All,n
1991,Median,298,All,n
1991,SD,3.475,All,n
1991,Upper95,304,All,n
1992,Calves,12,All,n
1992,Known.Losses,0,All,n
1992,Lower95,299,All,n
1992,Mean,305.342,All,n
1992,Median,305,All,n
1992,SD,3.218,All,n
1992,Upper95,312,All,n
1993,Calves,6,All,n
1993,Known.Losses,0,All,n
1993,Lower95,293,All,n
1993,Mean,298.909,All,n
1993,Median,299,All,n
1993,SD,3.174,All,n
1993,Upper95,305,All,n
1994,Calves,9,All,n
1994,Known.Losses,1,All,n
1994,Lower95,298,All,n
1994,Mean,302.681,All,n
1994,Median,303,All,n
1994,SD,2.739,All,n
1994,Upper95,308,All,n
1995,Calves,7,All,n
1995,Known.Losses,0,All,n
1995,Lower95,300,All,n
1995,Mean,304.884,All,n
1995,Median,305,All,n
1995,SD,2.569,All,n
1995,Upper95,310,All,n
1996,Calves,21,All,n
1996,Known.Losses,2,All,n
1996,Lower95,315,All,n
1996,Mean,319.63,All,n
1996,Median,320,All,n
1996,SD,2.737,All,n
1996,Upper95,325,All,n
1997,Calves,19,All,n
1997,Known.Losses,0,All,n
1997,Lower95,324,All,n
1997,Mean,329.328,All,n
1997,Median,329,All,n
1997,SD,2.765,All,n
1997,Upper95,335,All,n
1998,Calves,5,All,n
1998,Known.Losses,0,All,n
1998,Lower95,324,All,n
1998,Mean,329.041,All,n
1998,Median,329,All,n
1998,SD,2.592,All,n
1998,Upper95,334,All,n
1999,Calves,4,All,n
1999,Known.Losses,0,All,n
1999,Lower95,324,All,n
1999,Mean,327.655,All,n
1999,Median,328,All,n
1999,SD,2.255,All,n
1999,Upper95,332,All,n
2000,Calves,1,All,n
2000,Known.Losses,0,All,n
2000,Lower95,316,All,n
2000,Mean,319.384,All,n
2000,Median,319,All,n
2000,SD,1.916,All,n
2000,Upper95,323,All,n
2001,Calves,31,All,n
2001,Known.Losses,4,All,n
2001,Lower95,343,All,n
2001,Mean,346.164,All,n
2001,Median,346,All,n
2001,SD,1.697,All,n
2001,Upper95,350,All,n
2002,Calves,21,All,n
2002,Known.Losses,0,All,n
2002,Lower95,353,All,n
2002,Mean,355.402,All,n
2002,Median,355,All,n
2002,SD,1.458,All,n
2002,Upper95,358,All,n
2003,Calves,19,All,n
2003,Known.Losses,0,All,n
2003,Lower95,362,All,n
2003,Mean,364.859,All,n
2003,Median,365,All,n
2003,SD,1.542,All,n
2003,Upper95,368,All,n
2004,Calves,16,All,n
2004,Known.Losses,1,All,n
2004,Lower95,370,All,n
2004,Mean,372.384,All,n
2004,Median,372,All,n
2004,SD,1.61,All,n
2004,Upper95,376,All,n
2005,Calves,28,All,n
2005,Known.Losses,1,All,n
2005,Lower95,394,All,n
2005,Mean,396.433,All,n
2005,Median,396,All,n
2005,SD,1.366,All,n
2005,Upper95,399,All,n
2006,Calves,19,All,n
2006,Known.Losses,3,All,n
2006,Lower95,399,All,n
2006,Mean,401.25,All,n
2006,Median,401,All,n
2006,SD,1.406,All,n
2006,Upper95,404,All,n
2007,Calves,23,All,n
2007,Known.Losses,0,All,n
2007,Lower95,412,All,n
2007,Mean,413.546,All,n
2007,Median,413,All,n
2007,SD,1.158,All,n
2007,Upper95,416,All,n
2008,Calves,23,All,n
2008,Known.Losses,2,All,n
2008,Lower95,428,All,n
2008,Mean,429.711,All,n
2008,Median,430,All,n
2008,SD,1.226,All,n
2008,Upper95,432,All,n
2009,Calves,39,All,n
2009,Known.Losses,1,All,n
2009,Lower95,464,All,n
2009,Mean,465.707,All,n
2009,Median,466,All,n
2009,SD,1.264,All,n
2009,Upper95,468,All,n
2010,Calves,19,All,n
2010,Known.Losses,1,All,n
2010,Lower95,473,All,n
2010,Mean,476.115,All,n
2010,Median,476,All,n
2010,SD,1.816,All,n
2010,Upper95,480,All,n
2011,Calves,22,All,n
2011,Known.Losses,2,All,n
2011,Lower95,479,All,n
2011,Mean,482.798,All,n
2011,Median,483,All,n
2011,SD,1.894,All,n
2011,Upper95,487,All,n
2012,Calves,7,All,n
2012,Known.Losses,1,All,n
2012,Lower95,469,All,n
2012,Mean,473.38,All,n
2012,Median,473,All,n
2012,SD,2.484,All,n
2012,Upper95,478,All,n
2013,Calves,20,All,n
2013,Known.Losses,0,All,n
2013,Lower95,476,All,n
2013,Mean,481.347,All,n
2013,Median,481,All,n
2013,SD,3.062,All,n
2013,Upper95,488,All,n
2014,Calves,11,All,n
2014,Known.Losses,1,All,n
2014,Lower95,471,All,n
2014,Mean,477.006,All,n
2014,Median,477,All,n
2014,SD,3.062,All,n
2014,Upper95,483,All,n
2015,Calves,17,All,n
2015,Known.Losses,0,All,n
2015,Lower95,465,All,n
2015,Mean,472.782,All,n
2015,Median,473,All,n
2015,SD,4.426,All,n
2015,Upper95,482,All,n
2016,Calves,14,All,n
2016,Known.Losses,2,All,n
2016,Lower95,451,All,n
2016,Mean,457.237,All,n
2016,Median,457,All,n
2016,SD,3.636,All,n
2016,Upper95,465,All,n
2017,Calves,5,All,n
2017,Known.Losses,0,All,n
2017,Lower95,430,All,n
2017,Mean,433.926,All,n
2017,Median,434,All,n
2017,SD,2.498,All,n
2017,Upper95,439,All,n
2018,Calves,0,All,n
2018,Known.Losses,0,All,n
2018,Lower95,388,All,n
2018,Mean,390.505,All,n
2018,Median,390,All,n
2018,SD,1.532,All,n
2018,Upper95,394,All,n
2019,Calves,7,All,n
2019,Known.Losses,0,All,n
2019,Lower95,379,All,n
2019,Mean,380.794,All,n
2019,Median,381,All,n
2019,SD,1.3,All,n
2019,Upper95,384,All,n
2020,Calves,10,All,n
2020,Known.Losses,2,All,n
2020,Lower95,357,All,n
2020,Mean,359.117,All,n
2020,Median,359,All,n
2020,SD,1.395,All,n
2020,Upper95,362,All,n
2021,Calves,20,All,n
2021,Known.Losses,1,All,n
2021,Lower95,370,All,n
2021,Mean,371.478,All,n
2021,Median,371,All,n
2021,SD,1.167,All,n
2021,Upper95,374,All,n
2022,Calves,15,All,n
2022,Known.Losses,2,All,n
2022,Lower95,371,All,n
2022,Mean,373.736,All,n
2022,Median,374,All,n
2022,SD,1.395,All,n
2022,Upper95,377,All,n
2023,Calves,12,All,n
2023,Known.Losses,1,All,n
2023,Lower95,373,All,n
2023,Mean,376.128,All,n
2023,Median,376,All,n
2023,SD,1.701,All,n
2023,Upper95,380,All,n
2024,Calves,19,All,n
2024,Known.Losses,5,All,n
2024,Lower95,375,All,n
2024,Mean,384.268,All,n
2024,Median,384,All,n
2024,SD,4.908,All,n
2024,Upper95,394,All,n
2025,Calves,11,All,n
2025,Known.Losses,0,All,n
