Time,EPU,Units,Known.Losses,Lower95,Mean,Value,SD,Upper95,hline
1980,All,n,0,NA,NA,NA,NA,NA,381.62857142857143
1981,All,n,0,NA,NA,NA,NA,NA,381.62857142857143
1982,All,n,0,NA,NA,NA,NA,NA,381.62857142857143
1983,All,n,0,NA,NA,NA,NA,NA,381.62857142857143
1984,All,n,0,NA,NA,NA,NA,NA,381.62857142857143
1985,All,n,0,NA,NA,NA,NA,NA,381.62857142857143
1986,All,n,0,NA,NA,NA,NA,NA,381.62857142857143
1987,All,n,0,NA,NA,NA,NA,NA,381.62857142857143
1988,All,n,0,NA,NA,NA,NA,NA,381.62857142857143
1989,All,n,0,NA,NA,NA,NA,NA,381.62857142857143
1990,All,n,0,283,288.88,289,3.171,295,381.62857142857143
1991,All,n,0,291,297.672,298,3.475,304,381.62857142857143
1992,All,n,0,299,305.342,305,3.218,312,381.62857142857143
1993,All,n,0,293,298.909,299,3.174,305,381.62857142857143
1994,All,n,1,298,302.681,303,2.739,308,381.62857142857143
1995,All,n,0,300,304.884,305,2.569,310,381.62857142857143
1996,All,n,2,315,319.63,320,2.737,325,381.62857142857143
1997,All,n,0,324,329.328,329,2.765,335,381.62857142857143
1998,All,n,0,324,329.041,329,2.592,334,381.62857142857143
1999,All,n,0,324,327.655,328,2.255,332,381.62857142857143
2000,All,n,0,316,319.384,319,1.916,323,381.62857142857143
2001,All,n,4,343,346.164,346,1.697,350,381.62857142857143
2002,All,n,0,353,355.402,355,1.458,358,381.62857142857143
2003,All,n,0,362,364.859,365,1.542,368,381.62857142857143
2004,All,n,1,370,372.384,372,1.61,376,381.62857142857143
2005,All,n,1,394,396.433,396,1.366,399,381.62857142857143
2006,All,n,3,399,401.25,401,1.406,404,381.62857142857143
2007,All,n,0,412,413.546,413,1.158,416,381.62857142857143
2008,All,n,2,428,429.711,430,1.226,432,381.62857142857143
2009,All,n,1,464,465.707,466,1.264,468,381.62857142857143
2010,All,n,1,473,476.115,476,1.816,480,381.62857142857143
2011,All,n,2,479,482.798,483,1.894,487,381.62857142857143
2012,All,n,1,469,473.38,473,2.484,478,381.62857142857143
2013,All,n,0,476,481.347,481,3.062,488,381.62857142857143
2014,All,n,1,471,477.006,477,3.062,483,381.62857142857143
2015,All,n,0,465,472.782,473,4.426,482,381.62857142857143
2016,All,n,2,451,457.237,457,3.636,465,381.62857142857143
2017,All,n,0,430,433.926,434,2.498,439,381.62857142857143
2018,All,n,0,388,390.505,390,1.532,394,381.62857142857143
2019,All,n,0,379,380.794,381,1.3,384,381.62857142857143
2020,All,n,2,357,359.117,359,1.395,362,381.62857142857143
2021,All,n,1,370,371.478,371,1.167,374,381.62857142857143
2022,All,n,2,371,373.736,374,1.395,377,381.62857142857143
2023,All,n,1,373,376.128,376,1.701,380,381.62857142857143
2024,All,n,5,375,384.268,384,4.908,394,381.62857142857143
2025,All,n,0,NA,NA,NA,NA,NA,381.62857142857143
